"Time_Iter","Outer_Iter","Inner_Iter",    "rms[Rho]"    ,    "rms[RhoU]"   ,    "rms[RhoV]"   ,    "rms[RhoE]"   ,     "rms[nu]"    
          0,           0,           0,      -1.595152359,      -9.349703852,      -9.359952454,       3.885956535,      -5.543086022
          0,           0,           1,      -1.805153134,      0.1847228842,      0.6946648598,       3.681757559,      -5.857902922
          0,           0,           2,      -2.342185499,    -0.08345801787,      0.1887891082,       3.138413081,      -6.401675209
          0,           0,           3,      -2.433151948,      0.0352179435,      0.2238772506,       3.046162528,      -6.573753783
          0,           0,           4,      -2.458314454,      0.1575512933,       0.267271101,       3.017882425,      -6.742906528
          0,           0,           5,      -2.478259996,      0.2343795817,      0.2849317693,       2.994326312,      -6.833905203
          0,           0,           6,      -2.474901386,      0.2692104049,      0.2775316685,       2.997016633,      -6.896167409
          0,           0,           7,      -2.444882157,      0.2697901268,      0.2503383568,       3.029638255,      -6.934877456
          0,           0,           8,      -2.405676928,      0.2446280206,      0.2100612443,       3.071673515,      -6.975527333
          0,           0,           9,      -2.372473764,      0.2066688879,      0.1692533299,       3.106335057,      -6.990148018
          0,           0,          10,       -2.34987495,      0.1762136406,      0.1457350572,       3.129077096,      -6.996734571
          0,           0,          11,      -2.335560957,      0.1716881282,      0.1487998017,       3.142790093,      -6.998274289
          0,           0,          12,      -2.325114227,      0.1921263234,      0.1696214924,         3.1524719,      -6.995164612
          0,           0,          13,      -2.315742631,      0.2215115693,      0.1936810117,       3.161301075,      -6.990094735
          0,           0,          14,      -2.307242017,      0.2472173311,      0.2135684434,       3.169581492,      -6.988165023
          0,           0,          15,      -2.300175315,      0.2653223029,      0.2290689711,       3.176697385,      -6.988236968
          0,           0,          16,      -2.294872345,       0.277016327,      0.2425294275,       3.182208194,      -6.987476742
          0,           0,          17,       -2.28976468,      0.2842102643,      0.2554537701,       3.187648695,      -6.984535513
          0,           0,          18,      -2.282305542,      0.2886771245,      0.2671252799,        3.19539819,      -6.979124679
          0,           0,          19,      -2.271168316,      0.2921420036,      0.2770874797,       3.206847759,      -6.971376899
          0,           0,          20,      -2.256490617,      0.2970211522,      0.2845552175,       3.221799867,      -6.962232724
          0,           0,          21,      -2.240093891,      0.3045054484,      0.2899189453,       3.238395769,      -6.953125053
          0,           0,          22,      -2.224656295,      0.3149727263,       0.295165555,       3.253887259,      -6.943759931
          0,           0,          23,      -2.211143455,      0.3300245112,      0.3024310345,       3.267360202,      -6.933954115
          0,           0,          24,      -2.199990296,      0.3479534353,      0.3130265421,       3.278465354,      -6.922905996
          0,           0,          25,      -2.190238753,      0.3678320201,       0.325514174,       3.288251464,      -6.908776494
          0,           0,          26,      -2.181540404,       0.385659608,      0.3390476818,       3.297075883,       -6.89152833
          0,           0,          27,      -2.173122382,      0.3982955263,      0.3508345047,       3.305738343,      -6.872675668
          0,           0,          28,      -2.164874221,      0.4052066579,      0.3576851434,       3.314421768,      -6.853378165
          0,           0,          29,      -2.157950008,      0.4056048188,      0.3603139084,       3.321816323,      -6.834909724
          0,           0,          30,      -2.152956686,      0.4003051402,      0.3589158165,       3.327183167,       -6.81804983
          0,           0,          31,      -2.150507889,      0.3926082351,      0.3551073555,       3.329892262,      -6.802853836
          0,           0,          32,      -2.150942527,      0.3874807935,      0.3519331152,       3.329589723,      -6.789331164
          0,           0,          33,      -2.153403479,      0.3893694646,      0.3526359072,       3.327118989,      -6.776975038
          0,           0,          34,      -2.156800147,      0.3987888692,      0.3589371313,       3.323564029,      -6.765269397
          0,           0,          35,      -2.160027704,      0.4152955777,      0.3691616422,       3.320179278,      -6.754782287
          0,           0,          36,      -2.161708226,      0.4338256104,      0.3810339321,       3.318420838,      -6.745265917
          0,           0,          37,      -2.161991982,       0.449761043,      0.3918406095,       3.318188539,      -6.736988361
          0,           0,          38,      -2.161879964,      0.4595908598,       0.398081949,        3.31856023,      -6.729645387
          0,           0,          39,      -2.163149295,      0.4603920657,      0.3976702531,       3.317633367,      -6.723140153
          0,           0,          40,      -2.167603269,      0.4514911067,       0.390458333,       3.313612287,      -6.717661325
          0,           0,          41,      -2.175798068,      0.4336345773,      0.3762753693,       3.305934116,      -6.712565303
          0,           0,          42,      -2.187224958,      0.4081675485,       0.356889709,       3.294962081,      -6.707628999
          0,           0,          43,      -2.201934575,      0.3807920487,      0.3357864218,       3.280628262,      -6.702741492
          0,           0,          44,       -2.21737173,      0.3568941432,      0.3173137526,       3.265477745,      -6.698037986
          0,           0,          45,      -2.233536672,      0.3417131388,      0.3053904263,       3.249347436,      -6.693170312
          0,           0,          46,       -2.24931012,      0.3384509033,      0.3026844401,       3.233632594,      -6.688425713
          0,           0,          47,      -2.264774417,      0.3436662084,      0.3056709227,       3.218180344,      -6.684085346
          0,           0,          48,      -2.280853256,      0.3512459313,      0.3122463882,       3.202309206,      -6.680658267
          0,           0,          49,      -2.298008442,      0.3572281926,      0.3160701848,       3.185605124,      -6.676351659
          0,           0,          50,       -2.31968404,      0.3584380145,      0.3147063592,       3.164584719,      -6.673969776
          0,           0,          51,      -2.345519643,      0.3523309481,      0.3070423049,       3.139450389,      -6.670582146
          0,           0,          52,        -2.3721226,      0.3382011612,      0.2927875444,       3.113483832,      -6.667365005
          0,           0,          53,      -2.396431678,      0.3182618359,      0.2720223999,       3.089537563,       -6.66354019
          0,           0,          54,      -2.415013354,      0.2949612095,      0.2467537628,       3.070934852,      -6.658321934
          0,           0,          55,      -2.427464732,      0.2701051157,      0.2204700277,       3.058001209,      -6.654241491
          0,           0,          56,      -2.437939435,      0.2454281974,      0.1967736031,        3.04673927,       -6.64935025
          0,           0,          57,      -2.448913649,      0.2238453112,      0.1799396438,       3.035200235,      -6.644129988
          0,           0,          58,      -2.463143402,      0.2061488884,      0.1673034633,       3.020661594,      -6.639237249
          0,           0,          59,       -2.48444065,      0.1890147805,      0.1597858166,       2.999379348,      -6.634235475
          0,           0,          60,      -2.514908098,      0.1743458371,      0.1573522096,       2.969372866,      -6.629270231
          0,           0,          61,      -2.551839183,      0.1599533033,      0.1549768338,       2.933048133,       -6.62368514
          0,           0,          62,       -2.59049893,      0.1488222495,        0.15008889,       2.895180534,      -6.617472474
          0,           0,          63,      -2.623197878,      0.1368679956,      0.1417239369,       2.862848505,      -6.610991972
          0,           0,          64,      -2.643295946,      0.1243801351,      0.1275746863,       2.842347955,      -6.604054724
          0,           0,          65,      -2.648050433,      0.1114107984,      0.1081133024,       2.836849158,      -6.596687674
          0,           0,          66,      -2.643319165,     0.09654215759,     0.08254610332,       2.840399578,      -6.588871655
          0,           0,          67,      -2.635519986,      0.0805368461,      0.0518215278,       2.846883264,      -6.580786127
          0,           0,          68,      -2.630663957,     0.06323470816,      0.0201260481,       2.850284905,      -6.572661518
          0,           0,          69,      -2.631819815,     0.04544574762,      -0.007739792,       2.847614487,       -6.56450495
          0,           0,          70,      -2.640240469,     0.02776298927,    -0.02739031627,       2.837717358,      -6.556069097
          0,           0,          71,      -2.654722415,     0.01025289964,     -0.0388682292,       2.821776006,      -6.547722524
          0,           0,          72,      -2.673949882,   -0.007047482423,    -0.04160300057,       2.801173728,       -6.53978036
          0,           0,          73,      -2.698361685,    -0.02419953587,    -0.04097114027,       2.775614812,      -6.532279708
          0,           0,          74,      -2.725018365,    -0.04263465881,    -0.04418066623,       2.748487967,      -6.525239018
          0,           0,          75,      -2.749854276,    -0.06366136723,    -0.05522138026,       2.724157499,      -6.518514634
          0,           0,          76,      -2.770338531,    -0.08714301226,    -0.07601511564,       2.704979539,      -6.512297117
          0,           0,          77,      -2.785310409,     -0.1113018862,     -0.1077452476,        2.69149343,      -6.506637363
          0,           0,          78,      -2.795095539,     -0.1357831836,      -0.149315483,       2.682920485,       -6.50163404
          0,           0,          79,       -2.80265062,      -0.154545198,     -0.1946865646,       2.675691444,      -6.497123309
          0,           0,          80,      -2.813684648,     -0.1669437353,     -0.2386506264,        2.66375099,      -6.493117654
          0,           0,          81,       -2.82980168,     -0.1741955705,     -0.2742074372,        2.64604141,       -6.48963203
          0,           0,          82,      -2.851994196,     -0.1805275691,     -0.2903772562,        2.62176932,      -6.486499385
          0,           0,          83,      -2.880909316,     -0.1892891435,     -0.2937888007,       2.590444158,      -6.483807007
          0,           0,          84,      -2.916029403,     -0.2025036651,     -0.2950831811,       2.553386599,      -6.481460472
          0,           0,          85,      -2.955389138,     -0.2249927748,     -0.3018007092,       2.513103826,      -6.479458841
          0,           0,          86,      -2.993563649,     -0.2539158953,     -0.3174064627,       2.476140647,      -6.477767146
          0,           0,          87,      -3.023724443,     -0.2916967359,     -0.3451097796,       2.448827317,       -6.47629662
          0,           0,          88,      -3.043869216,     -0.3296450159,     -0.3848980107,       2.432511297,      -6.474960503
          0,           0,          89,      -3.058511464,     -0.3689070814,     -0.4349462254,       2.420669603,      -6.473715217
          0,           0,          90,      -3.072193973,     -0.3998593151,     -0.4894136133,       2.408265642,      -6.472377125
          0,           0,          91,       -3.09192363,       -0.41806366,     -0.5391967977,       2.388276148,      -6.470868958
          0,           0,          92,      -3.117589926,     -0.4248627139,     -0.5737872451,       2.361079815,      -6.469393197
          0,           0,          93,      -3.151122403,     -0.4265688046,     -0.5911735297,       2.324980292,      -6.467806376
          0,           0,          94,      -3.192479355,     -0.4287601493,     -0.5963006753,       2.280331462,      -6.466214502
          0,           0,          95,      -3.239309147,     -0.4329815996,     -0.5974255446,       2.229965546,      -6.464578616
          0,           0,          96,      -3.282701089,     -0.4420177183,     -0.6027744171,       2.184537094,      -6.462911032
          0,           0,          97,      -3.313421153,     -0.4550559103,     -0.6169495784,       2.154414278,      -6.461259217
          0,           0,          98,      -3.327919938,     -0.4697457426,     -0.6405543694,       2.142874604,       -6.45958874
          0,           0,          99,       -3.33122488,     -0.4828214717,     -0.6697943341,       2.143154452,      -6.457978113
          0,           0,         100,      -3.332118613,     -0.4908776938,     -0.6988102505,       2.145015649,      -6.456364579
          0,           0,         101,      -3.338005975,     -0.4928956446,     -0.7216331206,       2.140763687,      -6.454773014
          0,           0,         102,      -3.354715709,     -0.4899348686,     -0.7337883262,       2.124697185,      -6.453242322
          0,           0,         103,      -3.382112293,     -0.4849964228,     -0.7360116735,       2.097189117,      -6.451753328
          0,           0,         104,      -3.422863067,     -0.4807982759,     -0.7328215211,       2.055804993,       -6.45029183
          0,           0,         105,      -3.475590172,     -0.4786356572,     -0.7291755228,       2.002467921,      -6.448885679
          0,           0,         106,      -3.531307471,     -0.4795792936,     -0.7294716673,        1.94693349,      -6.447545929
          0,           0,         107,      -3.580037155,     -0.4838024079,     -0.7354183059,       1.900043124,       -6.44627429
          0,           0,         108,      -3.608938183,     -0.4908215733,     -0.7464310062,       1.874519402,      -6.445083547
          0,           0,         109,      -3.617959062,     -0.4994845687,     -0.7605809668,       1.869177428,      -6.443986988
          0,           0,         110,      -3.615276314,     -0.5081979207,      -0.774871368,       1.874629718,      -6.442947045
          0,           0,         111,      -3.608522855,     -0.5156576777,     -0.7862023538,       1.882828058,      -6.441931548
          0,           0,         112,      -3.609911439,     -0.5213084172,     -0.7926724599,       1.882104054,      -6.441022713
          0,           0,         113,      -3.620515098,     -0.5251838448,     -0.7938185017,       1.871577615,      -6.440229023
          0,           0,         114,      -3.645117244,     -0.5277529316,     -0.7916360199,       1.846969153,      -6.439550275
          0,           0,         115,      -3.678763964,     -0.5299567371,     -0.7891127211,       1.813022061,      -6.438990958
          0,           0,         116,       -3.71387467,     -0.5322710696,     -0.7881314667,       1.777054635,      -6.438557261
          0,           0,         117,      -3.755149814,     -0.5352081729,     -0.7899601014,       1.734624559,      -6.438272865
          0,           0,         118,      -3.789805839,     -0.5387533349,      -0.795338432,       1.698424543,      -6.438130878
          0,           0,         119,      -3.805397213,     -0.5427489212,     -0.8038996187,       1.680442752,      -6.438142314
          0,           0,         120,      -3.800645453,     -0.5468676061,     -0.8140117825,       1.682294775,      -6.438317336
          0,           0,         121,      -3.783305627,     -0.5505863867,     -0.8240565353,       1.697058647,      -6.438657804
          0,           0,         122,      -3.765180697,     -0.5537140884,     -0.8327923166,       1.712956126,      -6.439171144
          0,           0,         123,      -3.749568942,     -0.5556760883,      -0.839254368,       1.726914875,      -6.439861376
          0,           0,         124,      -3.747133509,     -0.5565122469,     -0.8426234664,       1.727917114,      -6.440729889
          0,           0,         125,      -3.753483074,     -0.5564393594,     -0.8434134783,       1.720462383,      -6.441784691
          0,           0,         126,      -3.766564117,     -0.5558380673,     -0.8427499128,       1.706892912,       -6.44302235
          0,           0,         127,      -3.787661437,     -0.5550415612,      -0.841426349,       1.686114525,      -6.444448146
          0,           0,         128,      -3.815446574,     -0.5545848487,     -0.8405788842,       1.659667659,      -6.446056343
          0,           0,         129,      -3.844661748,     -0.5547334151,     -0.8406830365,       1.633376686,      -6.447849185
          0,           0,         130,      -3.874192894,     -0.5555631062,     -0.8417617083,       1.608771831,      -6.449831099
          0,           0,         131,      -3.898539132,     -0.5570824114,     -0.8435080474,       1.591021982,      -6.451995288
          0,           0,         132,      -3.917034756,     -0.5594540508,     -0.8454594692,       1.579707827,      -6.454339077
          0,           0,         133,      -3.935871289,     -0.5622662265,     -0.8471845474,       1.568623371,      -6.456858915
          0,           0,         134,      -3.950690453,      -0.565436048,     -0.8484054933,       1.560887713,      -6.459560392
          0,           0,         135,      -3.960179915,     -0.5688933348,     -0.8489281747,       1.556739255,      -6.462442596
          0,           0,         136,      -3.974629717,     -0.5722598629,     -0.8483382335,       1.547262131,      -6.465508405
          0,           0,         137,      -3.995615304,     -0.5754430673,     -0.8467790975,       1.531020193,      -6.468759977
          0,           0,         138,      -4.021033156,     -0.5785413879,     -0.8447418662,       1.509580521,       -6.47217567
          0,           0,         139,      -4.044733352,      -0.581531174,     -0.8425760273,       1.488169094,      -6.475750405
          0,           0,         140,      -4.073442569,     -0.5843836287,     -0.8404814844,        1.46099005,      -6.479480721
          0,           0,         141,      -4.098228591,     -0.5872806585,      -0.838781909,       1.434956013,      -6.483375123
          0,           0,         142,      -4.111572147,     -0.5902487795,     -0.8376571758,       1.415678623,      -6.487427901
          0,           0,         143,      -4.110996286,     -0.5934591188,     -0.8370917095,       1.406423471,      -6.491637472
          0,           0,         144,      -4.095741395,      -0.596828336,      -0.837294088,       1.409894285,      -6.495998617
          0,           0,         145,      -4.081032669,     -0.6002417026,     -0.8380329393,       1.413983342,      -6.500487998
          0,           0,         146,      -4.061547596,     -0.6036363608,     -0.8391942157,       1.424456863,      -6.505098935
          0,           0,         147,      -4.034770541,     -0.6070365911,     -0.8404788055,       1.444162538,      -6.509818817
          0,           0,         148,      -4.016396314,     -0.6103074163,     -0.8417652077,        1.45786855,      -6.514629032
          0,           0,         149,      -4.008701667,     -0.6133537713,     -0.8430295184,       1.462496401,       -6.51953562
          0,           0,         150,      -4.006418138,     -0.6161374797,     -0.8441834722,       1.463004724,      -6.524522099
          0,           0,         151,      -4.006384548,     -0.6188325162,     -0.8451529243,       1.462220492,      -6.529461545
          0,           0,         152,      -4.016775185,       -0.62115372,     -0.8459218945,       1.452307143,      -6.534392707
          0,           0,         153,      -4.036081833,     -0.6231583035,      -0.846622037,       1.434435953,      -6.539333422
          0,           0,         154,       -4.05801457,      -0.624906521,     -0.8470632459,       1.415819694,      -6.544271508
          0,           0,         155,      -4.082710357,     -0.6264258636,     -0.8474225802,        1.39620027,      -6.549214619
          0,           0,         156,      -4.113315902,      -0.627789697,      -0.847826938,       1.372166617,      -6.554151853
          0,           0,         157,      -4.140811365,     -0.6290112749,     -0.8481052515,       1.352138636,      -6.559054732
          0,           0,         158,      -4.166598913,     -0.6301380946,     -0.8483100117,       1.334184054,      -6.563913602
          0,           0,         159,      -4.190976392,     -0.6311564695,     -0.8485818107,       1.318194648,      -6.568705271
          0,           0,         160,      -4.211577051,     -0.6320540902,     -0.8488344604,        1.30517494,      -6.573414608
          0,           0,         161,      -4.226790077,     -0.6330263509,     -0.8489879266,       1.294802838,      -6.578010756
          0,           0,         162,      -4.219669394,     -0.6340608738,     -0.8491240184,       1.301213238,      -6.582484823
          0,           0,         163,      -4.227384575,     -0.6349545957,     -0.8492600371,       1.293794327,      -6.586814906
          0,           0,         164,      -4.239529043,     -0.6357978892,     -0.8494405439,       1.280745539,      -6.590987326
          0,           0,         165,      -4.245236729,     -0.6366242055,     -0.8496835198,       1.271612781,      -6.594974219
          0,           0,         166,      -4.250745363,     -0.6373970391,     -0.8500228606,        1.26093554,      -6.598751948
          0,           0,         167,      -4.244978256,     -0.6380457721,     -0.8504541871,       1.259540266,      -6.602333018
          0,           0,         168,      -4.232928637,     -0.6385991287,     -0.8510690381,       1.263694619,      -6.605675062
          0,           0,         169,      -4.211660317,     -0.6391951084,     -0.8517817225,        1.27730134,      -6.608783273
          0,           0,         170,      -4.193878344,     -0.6396102607,     -0.8525408704,       1.289490152,      -6.611639453
          0,           0,         171,      -4.185723123,     -0.6398161334,     -0.8533324043,       1.293360025,       -6.61419161
          0,           0,         172,       -4.17813249,     -0.6399422505,     -0.8541738046,       1.297532435,      -6.616478913
          0,           0,         173,      -4.160031993,     -0.6399784808,     -0.8552392926,       1.313652804,      -6.618461824
          0,           0,         174,      -4.158025038,     -0.6397046964,     -0.8560684779,       1.315627022,      -6.620168754
          0,           0,         175,       -4.15321438,     -0.6395378428,     -0.8569219579,       1.321417978,      -6.621565891
          0,           0,         176,      -4.151209534,     -0.6390642367,     -0.8579061213,        1.32532996,      -6.622669413
          0,           0,         177,      -4.154154547,     -0.6383761992,     -0.8587566505,       1.325357804,       -6.62345428
          0,           0,         178,      -4.157806532,     -0.6377480562,     -0.8596340924,       1.325026195,      -6.624000596
          0,           0,         179,      -4.167879427,     -0.6368751717,     -0.8604268676,       1.319026902,       -6.62430319
          0,           0,         180,      -4.177767014,     -0.6358032601,     -0.8613659416,       1.314258096,      -6.624330102
          0,           0,         181,      -4.186279581,      -0.634685456,     -0.8622000829,        1.31045957,      -6.624092127
          0,           0,         182,      -4.197831129,     -0.6334887663,     -0.8629728143,       1.304457777,      -6.623641755
          0,           0,         183,      -4.211042499,     -0.6322347706,     -0.8637633369,       1.297221611,      -6.622993341
          0,           0,         184,      -4.224306335,     -0.6311291831,     -0.8645657413,        1.28953485,      -6.622153765
          0,           0,         185,      -4.242485342,     -0.6299397597,     -0.8653554186,       1.277911419,      -6.621106495
          0,           0,         186,      -4.259423797,      -0.628692424,     -0.8661529292,       1.266988902,      -6.619879726
          0,           0,         187,      -4.266699469,     -0.6274269857,      -0.866998357,       1.262479126,      -6.618500723
          0,           0,         188,      -4.276032832,     -0.6261724792,     -0.8676485642,       1.255375875,      -6.616994741
          0,           0,         189,      -4.278928896,     -0.6249068915,     -0.8682322446,       1.252454118,      -6.615351106
          0,           0,         190,      -4.278728818,     -0.6236387582,      -0.868824908,       1.251789141,       -6.61358767
          0,           0,         191,      -4.272832291,     -0.6223949219,     -0.8694098245,       1.254770376,      -6.611681346
          0,           0,         192,      -4.272295152,     -0.6212059264,     -0.8699371459,       1.252029581,      -6.609637016
          0,           0,         193,      -4.273465479,     -0.6200237893,     -0.8704659361,       1.248069916,      -6.607477965
          0,           0,         194,      -4.270071113,     -0.6188173588,     -0.8709912714,       1.248627236,      -6.605226248
          0,           0,         195,      -4.264234852,     -0.6175812772,     -0.8715049525,       1.251931894,      -6.602820778
          0,           0,         196,      -4.259690842,     -0.6163369793,     -0.8720117838,       1.254051133,      -6.600350506
          0,           0,         197,      -4.255383552,     -0.6150591076,     -0.8725060428,       1.256837553,      -6.597840461
          0,           0,         198,       -4.24029324,     -0.6137969902,     -0.8729648066,       1.269846614,      -6.595257093
          0,           0,         199,      -4.236300208,     -0.6124530248,     -0.8734084873,       1.273919444,      -6.592606351
          0,           0,         200,      -4.237851134,     -0.6110278782,     -0.8739897747,       1.274257354,      -6.589893118
          0,           0,         201,      -4.241128262,     -0.6095705643,     -0.8745620986,        1.27288816,      -6.587107916
          0,           0,         202,      -4.244179282,     -0.6080450017,     -0.8751639011,       1.272955412,      -6.584177805
          0,           0,         203,      -4.250333788,     -0.6064492961,     -0.8757359533,       1.271506551,      -6.581266358
          0,           0,         204,      -4.256596333,      -0.604806879,     -0.8762621181,       1.269954999,      -6.578322289
          0,           0,         205,      -4.264491591,     -0.6031006925,     -0.8767707663,       1.268376727,      -6.575371651
          0,           0,         206,      -4.270770276,     -0.6013569361,      -0.877296991,       1.268217181,      -6.572416408
          0,           0,         207,       -4.27849878,     -0.5996114222,     -0.8777539392,       1.265692785,      -6.569467458
          0,           0,         208,      -4.265696109,     -0.5979932764,     -0.8781551707,       1.278804557,      -6.566544313
          0,           0,         209,      -4.270449726,     -0.5963215558,     -0.8785638747,       1.278682427,      -6.563594164
          0,           0,         210,       -4.27779168,     -0.5946339652,      -0.878884991,       1.276439877,      -6.560633912
          0,           0,         211,      -4.286430696,     -0.5929484621,     -0.8791545327,       1.272775757,      -6.557642749
          0,           0,         212,      -4.295821954,     -0.5912388405,     -0.8794207633,       1.268030295,      -6.554688959
          0,           0,         213,      -4.305180123,     -0.5895015214,     -0.8795377269,        1.26330613,      -6.551778907
          0,           0,         214,      -4.305370226,     -0.5878943876,     -0.8795995963,       1.264171569,      -6.548837237
          0,           0,         215,      -4.291030797,      -0.586345165,     -0.8796081067,       1.274947894,      -6.545910857
          0,           0,         216,      -4.298622391,     -0.5848396782,      -0.879491119,       1.270442818,      -6.542987458
          0,           0,         217,      -4.300895607,     -0.5833683922,     -0.8794036552,       1.269464399,       -6.53997357
          0,           0,         218,      -4.296588883,     -0.5819392496,     -0.8792563463,       1.272400366,      -6.536995122
          0,           0,         219,      -4.285661198,     -0.5807134073,     -0.8790350774,       1.279515919,      -6.534021999
          0,           0,         220,      -4.289791616,     -0.5794927889,     -0.8788101962,       1.276668615,      -6.531074637
          0,           0,         221,      -4.289165444,     -0.5782818463,     -0.8785515494,       1.277566671,      -6.528164451
          0,           0,         222,      -4.294628394,     -0.5770387713,     -0.8782157376,        1.27429072,      -6.525287881
          0,           0,         223,      -4.300873768,     -0.5757778071,     -0.8778489137,       1.270649052,      -6.522512349
          0,           0,         224,      -4.305350574,     -0.5745578586,     -0.8774303472,       1.268018999,      -6.519672003
          0,           0,         225,      -4.301895824,     -0.5733970527,     -0.8769944787,       1.270726636,      -6.516805627
          0,           0,         226,      -4.302641091,     -0.5721827487,     -0.8765974865,       1.271461532,      -6.513894866
          0,           0,         227,      -4.292819998,     -0.5709119147,     -0.8761725027,       1.280938604,      -6.510984654
          0,           0,         228,      -4.304596501,      -0.569689991,     -0.8756872942,        1.27443781,       -6.50812682
          0,           0,         229,       -4.31550813,     -0.5684229668,     -0.8751424294,       1.269855587,      -6.505207682
          0,           0,         230,      -4.323863123,     -0.5671708846,     -0.8745025214,       1.267019797,      -6.502370823
          0,           0,         231,      -4.321050564,     -0.5659234672,     -0.8738991391,       1.271139684,      -6.499508595
          0,           0,         232,      -4.328925463,     -0.5647011467,      -0.873241334,       1.267810544,      -6.496726603
          0,           0,         233,      -4.334453378,     -0.5634806594,     -0.8725195602,       1.267093124,      -6.493980023
          0,           0,         234,      -4.331556571,     -0.5623258105,     -0.8717947047,       1.270682425,      -6.491315392
          0,           0,         235,      -4.320484325,     -0.5612116512,     -0.8709807772,       1.279398525,      -6.488669662
          0,           0,         236,      -4.329510246,     -0.5601155784,     -0.8700684415,       1.275423155,      -6.486035863
          0,           0,         237,      -4.339468401,      -0.559057467,     -0.8692466216,       1.270593005,      -6.483354668
          0,           0,         238,      -4.344714665,     -0.5580100873,     -0.8683308665,       1.268782257,      -6.480683981
          0,           0,         239,      -4.350902924,     -0.5569793115,     -0.8673607327,       1.266550908,      -6.477942618
          0,           0,         240,      -4.355414948,      -0.555965086,     -0.8663415703,       1.265619155,      -6.475331426
          0,           0,         241,      -4.358623228,     -0.5549679068,     -0.8652650667,       1.264849625,      -6.472776345
          0,           0,         242,      -4.367683502,     -0.5539905072,      -0.864130512,       1.260247722,      -6.470294771
          0,           0,         243,      -4.370529212,     -0.5530705722,       -0.86298093,       1.259207183,      -6.467852169
          0,           0,         244,       -4.37339783,     -0.5521968054,     -0.8617554696,         1.2585197,      -6.465454662
          0,           0,         245,      -4.375150715,     -0.5513607719,     -0.8605867589,       1.258243403,      -6.463147253
          0,           0,         246,      -4.360574499,     -0.5506174594,     -0.8593853232,       1.265970353,      -6.460874196
          0,           0,         247,      -4.364775685,     -0.5499192799,      -0.858080643,       1.264410696,      -6.458564803
          0,           0,         248,      -4.371972132,      -0.549224649,     -0.8568657099,       1.261820537,       -6.45626579
          0,           0,         249,      -4.379537301,     -0.5485373867,     -0.8556046289,       1.258796864,      -6.453986483
          0,           0,         250,      -4.384015472,     -0.5478869941,     -0.8543404239,       1.256853668,      -6.451778082
          0,           0,         251,       -4.39082844,     -0.5472398375,     -0.8531013198,       1.253985452,      -6.449624383
          0,           0,         252,      -4.396129192,     -0.5465502274,     -0.8517811567,       1.252739193,      -6.447478699
          0,           0,         253,      -4.399155449,     -0.5458714862,     -0.8503925429,       1.251726998,      -6.445317943
          0,           0,         254,      -4.400229285,     -0.5451831019,     -0.8488829851,        1.25154272,      -6.443230723
          0,           0,         255,      -4.401023921,     -0.5445121548,      -0.847556002,       1.252122241,      -6.441205985
          0,           0,         256,      -4.396149606,      -0.543876287,     -0.8461629009,       1.256173034,       -6.43895712
          0,           0,         257,      -4.385843802,     -0.5432972223,     -0.8448084161,       1.262413769,      -6.436769917
          0,           0,         258,      -4.381172547,     -0.5427661639,     -0.8434107858,        1.26587963,      -6.434553364
          0,           0,         259,      -4.390825521,     -0.5422723177,     -0.8420130477,        1.26172567,      -6.432332597
          0,           0,         260,      -4.374150042,      -0.541722685,     -0.8405491908,       1.273020815,      -6.430012817
          0,           0,         261,      -4.386548581,     -0.5412407875,     -0.8390357779,        1.26864585,      -6.427836125
          0,           0,         262,      -4.376481255,     -0.5408146454,     -0.8375548525,        1.27479399,      -6.425837588
          0,           0,         263,      -4.391585757,     -0.5403948962,     -0.8361595729,       1.267655376,       -6.42386159
          0,           0,         264,       -4.40282634,     -0.5399533331,     -0.8347012367,       1.263675638,      -6.421883114
          0,           0,         265,      -4.392808908,     -0.5395569583,     -0.8331796741,       1.269615293,      -6.419883892
          0,           0,         266,      -4.396085909,     -0.5392390283,     -0.8316282707,       1.267797018,      -6.417963404
          0,           0,         267,      -4.397671995,      -0.538939031,     -0.8301665872,       1.266651988,      -6.416023823
          0,           0,         268,      -4.398098467,     -0.5386427232,     -0.8286656033,       1.266555518,      -6.414001005
          0,           0,         269,      -4.388764674,     -0.5383587626,     -0.8271545798,       1.271806387,      -6.412026955
          0,           0,         270,       -4.39140709,     -0.5381235645,     -0.8256102682,       1.270460339,      -6.410110537
          0,           0,         271,      -4.380674013,     -0.5379657225,     -0.8241097209,       1.274061686,      -6.408286315
          0,           0,         272,        -4.3849386,     -0.5378393742,     -0.8226578911,       1.271464664,      -6.406562209
          0,           0,         273,      -4.397493754,     -0.5377365938,     -0.8212544612,       1.265396245,      -6.405044533
          0,           0,         274,      -4.404885752,     -0.5376473274,     -0.8198264529,         1.2622949,      -6.403523251
          0,           0,         275,      -4.405872581,     -0.5375748987,     -0.8184481451,       1.262168422,      -6.401774244
          0,           0,         276,      -4.403127339,     -0.5375184578,     -0.8170461459,       1.262954617,      -6.400036668
          0,           0,         277,      -4.413755869,     -0.5375616529,     -0.8156963989,       1.256118431,        -6.3983308
          0,           0,         278,      -4.411428231,     -0.5375468934,      -0.814352916,       1.257482726,      -6.396705401
          0,           0,         279,      -4.383340476,     -0.5375105146,     -0.8129262593,       1.271540844,      -6.395082378
          0,           0,         280,        -4.3929253,     -0.5375159718,     -0.8116550767,       1.266494916,      -6.393169593
          0,           0,         281,       -4.41073343,     -0.5375891033,     -0.8103339855,       1.257419514,      -6.391328995
          0,           0,         282,      -4.411244766,     -0.5377132537,     -0.8090197453,       1.255843129,      -6.389380231
          0,           0,         283,      -4.406423683,     -0.5378744434,     -0.8077837751,       1.257292161,      -6.387301027
          0,           0,         284,      -4.376746126,     -0.5380478267,      -0.806517317,        1.27371643,      -6.385353688
          0,           0,         285,      -4.382324349,     -0.5383067666,      -0.805229953,       1.271191578,      -6.383471335
          0,           0,         286,      -4.372952274,     -0.5385440008,      -0.804101746,       1.276093105,      -6.381635877
          0,           0,         287,      -4.380222283,     -0.5388173527,     -0.8029217871,       1.271760161,      -6.379839465
          0,           0,         288,      -4.395770683,     -0.5391190866,      -0.801783262,       1.263307068,      -6.378087592
          0,           0,         289,      -4.389819051,     -0.5393898288,     -0.8006083805,       1.266846572,      -6.376404121
          0,           0,         290,      -4.377342072,     -0.5395821124,     -0.7996608122,       1.276956155,      -6.374766247
          0,           0,         291,      -4.360356686,     -0.5398314762,     -0.7986464388,       1.289991342,      -6.372813631
          0,           0,         292,      -4.372055021,     -0.5402551012,     -0.7975540709,       1.285232551,      -6.370831782
          0,           0,         293,      -4.377942986,     -0.5407111346,     -0.7967037264,       1.280394197,      -6.368951188
          0,           0,         294,      -4.384120409,     -0.5412043683,      -0.795864533,       1.274789254,      -6.367143033
          0,           0,         295,      -4.385131693,     -0.5417502273,     -0.7950774955,       1.270928937,      -6.365375204
          0,           0,         296,      -4.383287369,     -0.5425916916,     -0.7943621503,       1.259806091,      -6.363706946
          0,           0,         297,      -4.390381659,     -0.5432083145,      -0.793658822,       1.255553909,      -6.362220348
          0,           0,         298,      -4.390387654,      -0.543699292,     -0.7930494937,       1.257304467,      -6.360589347
          0,           0,         299,      -4.385262408,     -0.5443768133,     -0.7924652921,       1.259127403,      -6.358730427
          0,           0,         300,       -4.37799539,     -0.5450368658,     -0.7919143134,       1.262137904,      -6.357022903
          0,           0,         301,      -4.381420689,     -0.5457298803,     -0.7914938069,       1.258781225,      -6.355427871
          0,           0,         302,      -4.381217936,     -0.5464561739,     -0.7910306034,       1.258395819,      -6.353760751
          0,           0,         303,      -4.372533199,     -0.5472036476,     -0.7907934895,        1.26209466,      -6.352120859
          0,           0,         304,      -4.372573268,     -0.5479708857,     -0.7905514096,       1.260866358,      -6.350612452
          0,           0,         305,      -4.374015625,     -0.5487585584,     -0.7903708043,       1.258575646,      -6.349177254
          0,           0,         306,      -4.372850828,     -0.5495321904,      -0.790248018,       1.258717449,       -6.34772186
          0,           0,         307,       -4.35596829,     -0.5502220075,     -0.7901879781,        1.26868727,      -6.346107252
          0,           0,         308,      -4.350610633,     -0.5509147403,     -0.7901383737,       1.271480813,      -6.344472395
          0,           0,         309,      -4.355621529,     -0.5516923437,     -0.7901862401,       1.266434318,      -6.342713689
          0,           0,         310,      -4.357687686,     -0.5524660247,     -0.7903585569,        1.26357272,      -6.340841091
          0,           0,         311,      -4.349705868,      -0.553283075,     -0.7906153546,       1.266707485,      -6.339051876
          0,           0,         312,       -4.34923031,     -0.5540660642,     -0.7909333079,       1.265727596,       -6.33734853
          0,           0,         313,      -4.349159155,       -0.55484912,     -0.7913082804,       1.264314597,      -6.335679173
          0,           0,         314,      -4.348334189,     -0.5556453271,     -0.7917532071,       1.263230514,      -6.334060771
          0,           0,         315,      -4.347554164,     -0.5564383124,     -0.7922702682,       1.263038582,      -6.332523313
          0,           0,         316,      -4.347176347,     -0.5572181418,     -0.7928423939,       1.262463617,      -6.331070641
          0,           0,         317,      -4.348369147,     -0.5579990909,     -0.7934836164,       1.260621979,      -6.329577414
          0,           0,         318,        -4.3363252,      -0.558779637,     -0.7942116333,       1.268127677,      -6.328160164
          0,           0,         319,      -4.322263476,     -0.5595168506,      -0.795000326,       1.277427369,      -6.326934192
          0,           0,         320,      -4.331095465,      -0.560302178,      -0.795840596,       1.270914539,      -6.325450885
          0,           0,         321,      -4.334277574,      -0.561116925,     -0.7968025782,       1.266301992,      -6.323954118
          0,           0,         322,      -4.333604408,     -0.5618865973,     -0.7978308074,       1.265857512,      -6.322502625
          0,           0,         323,      -4.333257487,       -0.56262349,     -0.7988932018,       1.266214004,      -6.321049769
          0,           0,         324,      -4.327607184,     -0.5633317601,     -0.8000321843,       1.270440028,      -6.319567769
          0,           0,         325,      -4.330371362,     -0.5640933846,     -0.8012342694,        1.26718525,      -6.318124337
          0,           0,         326,      -4.333991981,       -0.56479919,     -0.8025581758,       1.263857009,      -6.316724058
          0,           0,         327,      -4.335477519,      -0.565526081,     -0.8039388064,        1.26157449,      -6.315441867
          0,           0,         328,      -4.334683954,     -0.5662131463,      -0.805373576,       1.261532897,      -6.314298822
          0,           0,         329,      -4.333646827,     -0.5668303006,     -0.8068823849,       1.261675348,       -6.31313811
          0,           0,         330,      -4.331905226,     -0.5674221542,     -0.8084501643,       1.262126308,      -6.311869066
          0,           0,         331,      -4.329843834,     -0.5680237549,     -0.8100493711,       1.262946617,      -6.310504604
          0,           0,         332,      -4.328198755,     -0.5686365124,     -0.8116965715,       1.263619816,       -6.30897656
          0,           0,         333,      -4.327519685,     -0.5692508259,     -0.8134111662,       1.262818951,      -6.307437765
          0,           0,         334,      -4.327645538,     -0.5697965887,     -0.8152024236,       1.262009063,      -6.306026463
          0,           0,         335,       -4.32704516,     -0.5702630499,     -0.8170428888,       1.262377294,      -6.304829425
          0,           0,         336,       -4.32508078,     -0.5707875974,     -0.8189122279,       1.262899559,      -6.303653499
          0,           0,         337,      -4.324325453,     -0.5713297642,     -0.8208337045,       1.262316632,      -6.302511961
          0,           0,         338,         -4.323231,     -0.5718577788,     -0.8228042431,       1.262229108,      -6.301378119
          0,           0,         339,      -4.322638033,     -0.5723758652,     -0.8248159469,       1.262370995,      -6.300225221
          0,           0,         340,      -4.325886802,     -0.5728906531,     -0.8268806328,       1.259465401,      -6.299050382
          0,           0,         341,      -4.326428567,      -0.573412876,     -0.8290008061,       1.257902497,      -6.297978842
          0,           0,         342,      -4.326197789,     -0.5739049194,     -0.8311451821,        1.25760777,      -6.297045641
          0,           0,         343,      -4.327153564,     -0.5743770411,     -0.8333408164,       1.256664125,      -6.296131945
          0,           0,         344,      -4.323833226,     -0.5748355793,     -0.8355704828,       1.258023144,      -6.295209716
          0,           0,         345,      -4.323500846,     -0.5752653947,     -0.8378661247,       1.257952855,      -6.294106251
          0,           0,         346,      -4.324351679,      -0.575686751,     -0.8401871954,       1.257320135,      -6.293088538
          0,           0,         347,      -4.325940781,     -0.5760892738,     -0.8425256146,       1.256160551,      -6.292105574
          0,           0,         348,       -4.32737812,     -0.5764843975,     -0.8448947228,       1.254896359,      -6.291092515
          0,           0,         349,      -4.328908707,     -0.5768697374,     -0.8473036769,        1.25353723,      -6.290143003
          0,           0,         350,      -4.329542124,     -0.5772415988,     -0.8497414144,       1.253150424,      -6.289276905
          0,           0,         351,      -4.330809418,     -0.5775920739,     -0.8521792741,       1.252909143,      -6.288513362
          0,           0,         352,      -4.331379751,     -0.5779217758,      -0.854667667,       1.253004019,      -6.287842516
          0,           0,         353,      -4.333466871,     -0.5782510102,     -0.8571801232,       1.251306725,      -6.287197009
          0,           0,         354,      -4.334311059,     -0.5785674753,     -0.8597217866,       1.249945272,      -6.286379015
          0,           0,         355,      -4.335760047,      -0.578854524,     -0.8622151247,       1.249416986,      -6.285411981
          0,           0,         356,      -4.336177039,     -0.5791303314,      -0.864738266,       1.249457707,      -6.284467614
          0,           0,         357,      -4.338771668,     -0.5794158773,     -0.8672906135,       1.248143199,      -6.283532877
          0,           0,         358,      -4.340261824,     -0.5796746167,     -0.8698354225,       1.247075559,      -6.282557738
          0,           0,         359,      -4.342772596,      -0.579905859,     -0.8723531793,       1.245502199,      -6.281506121
          0,           0,         360,      -4.345539961,      -0.580118395,       -0.87484611,       1.244470662,      -6.280316507
          0,           0,         361,       -4.34705384,     -0.5803345737,     -0.8773815612,       1.243956232,      -6.279016445
          0,           0,         362,       -4.34947143,     -0.5805466532,     -0.8799525758,       1.242999263,      -6.277664621
          0,           0,         363,      -4.352435529,     -0.5807489429,     -0.8824300486,       1.241706385,      -6.276345986
          0,           0,         364,      -4.355584102,     -0.5809458525,     -0.8849129527,       1.240254105,      -6.275118544
          0,           0,         365,      -4.359690962,     -0.5811376518,     -0.8873679456,       1.238250678,      -6.273946513
          0,           0,         366,      -4.362643884,     -0.5813114058,        -0.8897871,       1.237050839,      -6.272807606
          0,           0,         367,      -4.365761987,     -0.5814770676,     -0.8921780255,        1.23562714,       -6.27172431
          0,           0,         368,      -4.369686653,     -0.5816235536,      -0.894545189,       1.234208022,      -6.270726726
          0,           0,         369,      -4.374391403,     -0.5817636394,     -0.8968532821,       1.231869008,      -6.269832571
          0,           0,         370,      -4.378214811,     -0.5818940784,     -0.8991195964,        1.22990343,      -6.269040559
          0,           0,         371,      -4.381249628,     -0.5819949847,     -0.9013675474,       1.229345118,      -6.268323741
          0,           0,         372,      -4.387051936,     -0.5820974667,     -0.9035390791,       1.226185492,      -6.267678454
          0,           0,         373,      -4.392810966,     -0.5821876437,     -0.9056814308,       1.224031557,      -6.267063081
          0,           0,         374,      -4.395910032,     -0.5822785765,     -0.9077777323,       1.223665812,       -6.26647368
          0,           0,         375,      -4.399373484,     -0.5823725568,     -0.9098259179,       1.222391521,      -6.265926601
          0,           0,         376,      -4.401395808,     -0.5824542008,     -0.9118156859,       1.222307828,      -6.265422287
          0,           0,         377,      -4.403680598,     -0.5825302623,     -0.9137449144,       1.222097577,      -6.264937775
          0,           0,         378,      -4.409372032,     -0.5825996792,     -0.9156175775,       1.220172988,      -6.264463474
          0,           0,         379,      -4.415717622,     -0.5826603503,     -0.9174198865,       1.218148408,      -6.263994586
          0,           0,         380,      -4.425706094,     -0.5827208136,     -0.9191628142,       1.213799574,      -6.263534792
          0,           0,         381,      -4.432159706,     -0.5827756609,     -0.9208248686,       1.211890815,      -6.263085745
          0,           0,         382,      -4.429966541,     -0.5828424489,      -0.922403237,       1.213606417,      -6.262652149
          0,           0,         383,      -4.439034986,      -0.582898127,     -0.9239412067,       1.210309611,      -6.262232252
          0,           0,         384,       -4.44888613,     -0.5829511438,     -0.9253888516,       1.207118505,      -6.261835033
          0,           0,         385,      -4.455818759,      -0.583011645,     -0.9267667155,       1.205082375,      -6.261470493
          0,           0,         386,      -4.459451462,     -0.5830701535,     -0.9280459896,        1.20454955,      -6.261127941
          0,           0,         387,      -4.467754465,     -0.5831217327,     -0.9292756838,       1.202186123,      -6.260789413
          0,           0,         388,      -4.478440314,     -0.5831755303,     -0.9304198551,       1.198794306,      -6.260447583
          0,           0,         389,      -4.483325196,     -0.5832283939,     -0.9314915079,       1.197998928,      -6.260113422
          0,           0,         390,      -4.489296201,     -0.5832895349,     -0.9325220128,       1.197003538,      -6.259771173
          0,           0,         391,       -4.49532985,      -0.583344785,     -0.9334379017,       1.196479829,      -6.259441944
          0,           0,         392,      -4.503309419,     -0.5834197309,     -0.9342693021,       1.194559178,      -6.259125691
          0,           0,         393,      -4.511091141,     -0.5835108607,     -0.9350650559,       1.191871012,      -6.258813104
          0,           0,         394,      -4.512297785,     -0.5836211761,     -0.9357734244,       1.191434282,      -6.258502072
          0,           0,         395,      -4.522690604,     -0.5837388206,     -0.9364501724,       1.189002476,      -6.258195652
          0,           0,         396,      -4.535679325,     -0.5838355743,     -0.9370944443,        1.18675796,      -6.257908886
          0,           0,         397,      -4.541746482,     -0.5839358497,     -0.9376695391,       1.186316794,      -6.257636043
          0,           0,         398,      -4.541691413,     -0.5840384559,     -0.9381892577,       1.187905057,      -6.257370291
          0,           0,         399,      -4.548358903,      -0.584140194,     -0.9386207421,        1.18775685,      -6.257108361
          0,           0,         400,      -4.557331411,     -0.5842429006,     -0.9389967331,       1.186568109,      -6.256839812
          0,           0,         401,      -4.566658593,     -0.5843678757,      -0.939323046,       1.184026899,      -6.256565689
          0,           0,         402,       -4.57808952,     -0.5844970477,     -0.9396235704,       1.180060036,      -6.256278249
          0,           0,         403,      -4.581104042,     -0.5846160642,     -0.9398786435,       1.179822625,      -6.255972867
          0,           0,         404,      -4.587073624,     -0.5847246199,     -0.9400429606,        1.17992231,      -6.255662691
          0,           0,         405,      -4.591566209,      -0.584847654,      -0.940215041,       1.180022589,      -6.255366203
          0,           0,         406,      -4.585776852,     -0.5849921119,     -0.9403406266,         1.1814241,      -6.255083754
          0,           0,         407,      -4.597082299,      -0.585124039,     -0.9404122489,       1.179841718,      -6.254804329
          0,           0,         408,      -4.602974861,     -0.5852481837,     -0.9405324981,       1.180265979,      -6.254520756
          0,           0,         409,      -4.601892182,     -0.5853925046,     -0.9405843823,       1.181223574,      -6.254236989
          0,           0,         410,      -4.593889255,     -0.5855582948,     -0.9405951305,        1.18341603,      -6.253968569
          0,           0,         411,      -4.600589366,     -0.5857338949,     -0.9405741782,       1.182550554,      -6.253717705
          0,           0,         412,      -4.605559958,     -0.5859577311,     -0.9405460561,       1.182211541,      -6.253482619
          0,           0,         413,      -4.610463681,     -0.5862183381,     -0.9404996425,       1.181046529,      -6.253248889
          0,           0,         414,      -4.613077874,     -0.5864448547,     -0.9404750945,       1.180886253,      -6.253028426
          0,           0,         415,      -4.621378835,     -0.5866469037,     -0.9404074102,       1.180281572,      -6.252803903
          0,           0,         416,      -4.610819929,     -0.5868638784,     -0.9403382574,       1.183136249,      -6.252563742
          0,           0,         417,      -4.616985287,     -0.5870885699,     -0.9402469839,       1.181754755,      -6.252296476
          0,           0,         418,      -4.619343734,     -0.5873168354,     -0.9402295572,       1.181239457,      -6.252003261
          0,           0,         419,      -4.616516139,     -0.5875600977,     -0.9402077994,       1.181592744,      -6.251686534
          0,           0,         420,      -4.610132015,      -0.587799979,     -0.9402048254,       1.183879915,      -6.251345386
          0,           0,         421,      -4.577203735,     -0.5880612358,     -0.9402032689,       1.192104913,      -6.250970014
          0,           0,         422,      -4.598061392,     -0.5883226086,      -0.940193532,       1.187091433,      -6.250565857
          0,           0,         423,      -4.604634984,     -0.5885966113,     -0.9401923001,       1.185973877,      -6.250137354
          0,           0,         424,      -4.603913553,     -0.5888796767,     -0.9401982188,       1.186761924,      -6.249689518
          0,           0,         425,      -4.600427988,     -0.5891751187,     -0.9402314561,        1.18741842,      -6.249211626
          0,           0,         426,      -4.597161901,     -0.5894902345,     -0.9402447302,       1.187876727,      -6.248711976
          0,           0,         427,      -4.599040577,     -0.5898228912,     -0.9403037762,       1.186655168,      -6.248191173
          0,           0,         428,      -4.594104021,     -0.5901624618,     -0.9403879848,       1.187073169,      -6.247646677
          0,           0,         429,      -4.591599733,     -0.5905170642,     -0.9404632852,       1.187120696,        -6.2470773
          0,           0,         430,      -4.586939766,     -0.5908396897,     -0.9406157209,        1.18838353,      -6.246474498
          0,           0,         431,      -4.576830282,      -0.591164087,     -0.9407859379,       1.191943595,      -6.245853819
          0,           0,         432,      -4.570691993,     -0.5915110757,     -0.9409863554,       1.193309265,      -6.245220151
          0,           0,         433,      -4.561336141,      -0.591871767,     -0.9412446487,       1.195792129,      -6.244571992
          0,           0,         434,      -4.557695511,     -0.5922230752,     -0.9414722355,       1.196706155,       -6.24390204
          0,           0,         435,      -4.531444096,     -0.5926255637,     -0.9418512704,       1.200749426,      -6.243211695
          0,           0,         436,      -4.526369944,     -0.5930052662,     -0.9422857915,       1.197356169,      -6.242496758
          0,           0,         437,      -4.552341558,     -0.5933347454,     -0.9426559568,        1.18881231,      -6.241756252
          0,           0,         438,      -4.554309211,     -0.5936680187,     -0.9431067444,       1.189440568,      -6.240985389
          0,           0,         439,      -4.547798891,     -0.5940198813,     -0.9436208852,       1.191512453,      -6.240180894
          0,           0,         440,      -4.539223666,      -0.594386584,     -0.9441493277,       1.193868176,      -6.239346772
          0,           0,         441,      -4.533244326,     -0.5947700744,     -0.9447097665,       1.195354618,      -6.238480986
          0,           0,         442,      -4.530648008,     -0.5951634407,      -0.945317027,       1.195889725,      -6.237580334
          0,           0,         443,      -4.531427413,     -0.5955741184,     -0.9459851131,       1.194965672,      -6.236650246
          0,           0,         444,      -4.510658626,     -0.5960257258,     -0.9467325494,       1.200675276,      -6.235699878
          0,           0,         445,      -4.509868942,     -0.5964680233,     -0.9474806102,       1.200192313,      -6.234733887
          0,           0,         446,      -4.517113864,     -0.5968919535,     -0.9482649518,       1.196667354,      -6.233754642
          0,           0,         447,      -4.512905777,     -0.5973161264,     -0.9491370093,       1.197230209,      -6.232760581
          0,           0,         448,      -4.510359161,     -0.5977295938,     -0.9500461619,       1.197414789,      -6.231743221
          0,           0,         449,      -4.509273441,      -0.598164011,     -0.9510174119,       1.196738891,       -6.23070011
          0,           0,         450,      -4.508707126,     -0.5985872639,     -0.9520668569,       1.196227214,      -6.229630178
          0,           0,         451,      -4.508311139,     -0.5990112883,       -0.95318515,       1.195394155,      -6.228535415
          0,           0,         452,      -4.503392272,      -0.599428605,     -0.9543583601,       1.196703686,       -6.22742663
          0,           0,         453,      -4.501742859,     -0.5998778523,     -0.9555714676,       1.196113215,      -6.226300402
          0,           0,         454,      -4.499753211,     -0.6003348274,     -0.9568356444,       1.195652682,      -6.225155911
          0,           0,         455,      -4.497681358,     -0.6007707278,     -0.9581549098,       1.196017695,      -6.223989604
          0,           0,         456,      -4.492306846,     -0.6012099479,     -0.9595167789,       1.197392012,       -6.22280682
          0,           0,         457,      -4.490629919,     -0.6016443237,     -0.9609177056,       1.197546971,       -6.22160622
          0,           0,         458,      -4.493827704,     -0.6020792818,     -0.9623778515,       1.195492905,      -6.220397066
          0,           0,         459,      -4.490863285,     -0.6025255974,     -0.9639234873,       1.195366485,      -6.219180815
          0,           0,         460,      -4.489705132,     -0.6029821942,     -0.9654893228,         1.1945804,       -6.21795413
          0,           0,         461,      -4.487243873,     -0.6034352169,     -0.9671199074,       1.194021716,      -6.216716344
          0,           0,         462,      -4.485231814,     -0.6038765517,     -0.9688055561,       1.193844538,      -6.215463203
          0,           0,         463,      -4.484077203,     -0.6042980216,     -0.9705439282,       1.194231646,      -6.214192482
          0,           0,         464,      -4.480310766,     -0.6047288236,     -0.9723420892,       1.195310699,      -6.212905594
          0,           0,         465,      -4.481590638,     -0.6051615502,     -0.9741910214,       1.193907389,      -6.211601389
          0,           0,         466,       -4.48246892,     -0.6055967555,     -0.9761090046,       1.192571343,      -6.210283115
          0,           0,         467,      -4.479320527,     -0.6060365263,     -0.9780790717,       1.192730706,      -6.208949755
          0,           0,         468,      -4.479730373,     -0.6064769681,     -0.9801005797,       1.191235594,      -6.207608078
          0,           0,         469,      -4.475164637,     -0.6069124336,     -0.9821544938,       1.191839861,      -6.206263475
          0,           0,         470,      -4.474388101,     -0.6073396628,     -0.9842532392,       1.191104334,      -6.204921266
          0,           0,         471,      -4.475029899,     -0.6077511069,     -0.9864247112,       1.190788323,      -6.203583797
          0,           0,         472,      -4.471316935,     -0.6081674577,     -0.9886565344,       1.191908999,      -6.202253076
          0,           0,         473,      -4.474383171,     -0.6085840932,     -0.9909093096,       1.189592607,      -6.200929123
          0,           0,         474,      -4.473998698,     -0.6089878218,     -0.9932494013,       1.189396319,      -6.199612678
          0,           0,         475,      -4.472307833,     -0.6093948867,     -0.9956229435,         1.1894707,      -6.198300201
          0,           0,         476,      -4.475161046,      -0.609816628,     -0.9980273406,       1.186805888,      -6.196985803
          0,           0,         477,      -4.473958775,      -0.610236408,      -1.000507733,        1.18623988,      -6.195667828
          0,           0,         478,      -4.475860974,     -0.6106466541,      -1.003029027,       1.184490213,      -6.194340767
          0,           0,         479,      -4.477217789,     -0.6110471551,      -1.005601473,       1.183840418,      -6.193003619
          0,           0,         480,      -4.475467031,      -0.611449542,      -1.008212666,       1.184484434,      -6.191658689
          0,           0,         481,      -4.479921635,     -0.6118511325,        -1.0108545,       1.181748421,      -6.190307555
          0,           0,         482,      -4.482561707,     -0.6122522175,      -1.013567272,       1.180121245,      -6.188950903
          0,           0,         483,      -4.483145978,     -0.6126499453,      -1.016318551,       1.179668315,      -6.187594496
          0,           0,         484,       -4.48454645,     -0.6130563688,      -1.019090711,       1.178035958,      -6.186245922
          0,           0,         485,      -4.483353087,     -0.6134634561,      -1.021905224,       1.177280026,      -6.184905591
          0,           0,         486,      -4.486907971,      -0.613857482,      -1.024756301,       1.175122614,        -6.1835718
          0,           0,         487,      -4.489098578,      -0.614239757,       -1.02765492,       1.174285771,      -6.182241074
          0,           0,         488,      -4.487652842,     -0.6146157326,      -1.030568121,       1.175180058,      -6.180923694
          0,           0,         489,      -4.492993845,      -0.614985972,      -1.033504047,       1.172725847,      -6.179620514
          0,           0,         490,      -4.496712432,     -0.6153633419,      -1.036495709,       1.170663532,      -6.178330978
          0,           0,         491,      -4.497802166,     -0.6157374882,        -1.0394898,       1.169979559,      -6.177053116
          0,           0,         492,      -4.501217613,     -0.6161134073,      -1.042490595,       1.167773985,      -6.175788388
          0,           0,         493,      -4.501702747,      -0.616486583,      -1.045526278,       1.166458587,      -6.174536842
          0,           0,         494,      -4.505146638,     -0.6168413428,      -1.048543419,       1.165088286,      -6.173296248
          0,           0,         495,      -4.508048517,     -0.6171849678,      -1.051574513,       1.164035628,      -6.172064286
          0,           0,         496,      -4.509912176,     -0.6175294221,      -1.054613003,       1.163540731,      -6.170839337
          0,           0,         497,      -4.516132111,     -0.6178670552,      -1.057643636,       1.160868999,      -6.169620892
          0,           0,         498,      -4.520711942,     -0.6182075359,      -1.060685428,       1.158678242,      -6.168408282
          0,           0,         499,      -4.523392369,       -0.61854642,      -1.063710352,       1.157520907,      -6.167202298
